calendariosk,datacompleta,diasemana,dia,mes,trimestre,ano
1,2023-01-01,Sun,1,1,1,2023
2,2023-01-02,Mon,2,1,1,2023
3,2023-01-03,Tue,3,1,1,2023
4,2023-01-04,Wed,4,1,1,2023
5,2023-01-05,Thu,5,1,1,2023
6,2023-01-06,Fri,6,1,1,2023
7,2023-01-07,Sat,7,1,1,2023
8,2023-01-08,Sun,8,1,1,2023
9,2023-01-09,Mon,9,1,1,2023
10,2023-01-10,Tue,10,1,1,2023
11,2023-01-11,Wed,11,1,1,2023
12,2023-01-12,Thu,12,1,1,2023
13,2023-01-13,Fri,13,1,1,2023
14,2023-01-14,Sat,14,1,1,2023
15,2023-01-15,Sun,15,1,1,2023
16,2023-01-16,Mon,16,1,1,2023
17,2023-01-17,Tue,17,1,1,2023
18,2023-01-18,Wed,18,1,1,2023
19,2023-01-19,Thu,19,1,1,2023
20,2023-01-20,Fri,20,1,1,2023
21,2023-01-21,Sat,21,1,1,2023
22,2023-01-22,Sun,22,1,1,2023
23,2023-01-23,Mon,23,1,1,2023
24,2023-01-24,Tue,24,1,1,2023
25,2023-01-25,Wed,25,1,1,2023
26,2023-01-26,Thu,26,1,1,2023
27,2023-01-27,Fri,27,1,1,2023
28,2023-01-28,Sat,28,1,1,2023
29,2023-01-29,Sun,29,1,1,2023
30,2023-01-30,Mon,30,1,1,2023
31,2023-01-31,Tue,31,1,1,2023
32,2023-02-01,Wed,1,2,1,2023
33,2023-02-02,Thu,2,2,1,2023
34,2023-02-03,Fri,3,2,1,2023
35,2023-02-04,Sat,4,2,1,2023
36,2023-02-05,Sun,5,2,1,2023
37,2023-02-06,Mon,6,2,1,2023
38,2023-02-07,Tue,7,2,1,2023
39,2023-02-08,Wed,8,2,1,2023
40,2023-02-09,Thu,9,2,1,2023
41,2023-02-10,Fri,10,2,1,2023
42,2023-02-11,Sat,11,2,1,2023
43,2023-02-12,Sun,12,2,1,2023
44,2023-02-13,Mon,13,2,1,2023
45,2023-02-14,Tue,14,2,1,2023
46,2023-02-15,Wed,15,2,1,2023
47,2023-02-16,Thu,16,2,1,2023
48,2023-02-17,Fri,17,2,1,2023
49,2023-02-18,Sat,18,2,1,2023
50,2023-02-19,Sun,19,2,1,2023
51,2023-02-20,Mon,20,2,1,2023
52,2023-02-21,Tue,21,2,1,2023
53,2023-02-22,Wed,22,2,1,2023
54,2023-02-23,Thu,23,2,1,2023
55,2023-02-24,Fri,24,2,1,2023
56,2023-02-25,Sat,25,2,1,2023
57,2023-02-26,Sun,26,2,1,2023
58,2023-02-27,Mon,27,2,1,2023
59,2023-02-28,Tue,28,2,1,2023
60,2023-03-01,Wed,1,3,1,2023
61,2023-03-02,Thu,2,3,1,2023
62,2023-03-03,Fri,3,3,1,2023
63,2023-03-04,Sat,4,3,1,2023
64,2023-03-05,Sun,5,3,1,2023
65,2023-03-06,Mon,6,3,1,2023
66,2023-03-07,Tue,7,3,1,2023
67,2023-03-08,Wed,8,3,1,2023
68,2023-03-09,Thu,9,3,1,2023
69,2023-03-10,Fri,10,3,1,2023
70,2023-03-11,Sat,11,3,1,2023
71,2023-03-12,Sun,12,3,1,2023
72,2023-03-13,Mon,13,3,1,2023
73,2023-03-14,Tue,14,3,1,2023
74,2023-03-15,Wed,15,3,1,2023
75,2023-03-16,Thu,16,3,1,2023
76,2023-03-17,Fri,17,3,1,2023
77,2023-03-18,Sat,18,3,1,2023
78,2023-03-19,Sun,19,3,1,2023
79,2023-03-20,Mon,20,3,1,2023
80,2023-03-21,Tue,21,3,1,2023
81,2023-03-22,Wed,22,3,1,2023
82,2023-03-23,Thu,23,3,1,2023
83,2023-03-24,Fri,24,3,1,2023
84,2023-03-25,Sat,25,3,1,2023
85,2023-03-26,Sun,26,3,1,2023
86,2023-03-27,Mon,27,3,1,2023
87,2023-03-28,Tue,28,3,1,2023
88,2023-03-29,Wed,29,3,1,2023
89,2023-03-30,Thu,30,3,1,2023
90,2023-03-31,Fri,31,3,1,2023
91,2023-04-01,Sat,1,4,2,2023
92,2023-04-02,Sun,2,4,2,2023
93,2023-04-03,Mon,3,4,2,2023
94,2023-04-04,Tue,4,4,2,2023
95,2023-04-05,Wed,5,4,2,2023
96,2023-04-06,Thu,6,4,2,2023
97,2023-04-07,Fri,7,4,2,2023
98,2023-04-08,Sat,8,4,2,2023
99,2023-04-09,Sun,9,4,2,2023
100,2023-04-10,Mon,10,4,2,2023
101,2023-04-11,Tue,11,4,2,2023
102,2023-04-12,Wed,12,4,2,2023
103,2023-04-13,Thu,13,4,2,2023
104,2023-04-14,Fri,14,4,2,2023
105,2023-04-15,Sat,15,4,2,2023
106,2023-04-16,Sun,16,4,2,2023
107,2023-04-17,Mon,17,4,2,2023
108,2023-04-18,Tue,18,4,2,2023
109,2023-04-19,Wed,19,4,2,2023
110,2023-04-20,Thu,20,4,2,2023
111,2023-04-21,Fri,21,4,2,2023
112,2023-04-22,Sat,22,4,2,2023
113,2023-04-23,Sun,23,4,2,2023
114,2023-04-24,Mon,24,4,2,2023
115,2023-04-25,Tue,25,4,2,2023
116,2023-04-26,Wed,26,4,2,2023
117,2023-04-27,Thu,27,4,2,2023
118,2023-04-28,Fri,28,4,2,2023
119,2023-04-29,Sat,29,4,2,2023
120,2023-04-30,Sun,30,4,2,2023
121,2023-05-01,Mon,1,5,2,2023
122,2023-05-02,Tue,2,5,2,2023
123,2023-05-03,Wed,3,5,2,2023
124,2023-05-04,Thu,4,5,2,2023
125,2023-05-05,Fri,5,5,2,2023
126,2023-05-06,Sat,6,5,2,2023
127,2023-05-07,Sun,7,5,2,2023
128,2023-05-08,Mon,8,5,2,2023
129,2023-05-09,Tue,9,5,2,2023
130,2023-05-10,Wed,10,5,2,2023
131,2023-05-11,Thu,11,5,2,2023
132,2023-05-12,Fri,12,5,2,2023
133,2023-05-13,Sat,13,5,2,2023
134,2023-05-14,Sun,14,5,2,2023
135,2023-05-15,Mon,15,5,2,2023
136,2023-05-16,Tue,16,5,2,2023
137,2023-05-17,Wed,17,5,2,2023
138,2023-05-18,Thu,18,5,2,2023
139,2023-05-19,Fri,19,5,2,2023
140,2023-05-20,Sat,20,5,2,2023
141,2023-05-21,Sun,21,5,2,2023
142,2023-05-22,Mon,22,5,2,2023
143,2023-05-23,Tue,23,5,2,2023
144,2023-05-24,Wed,24,5,2,2023
145,2023-05-25,Thu,25,5,2,2023
146,2023-05-26,Fri,26,5,2,2023
147,2023-05-27,Sat,27,5,2,2023
148,2023-05-28,Sun,28,5,2,2023
149,2023-05-29,Mon,29,5,2,2023
150,2023-05-30,Tue,30,5,2,2023
151,2023-05-31,Wed,31,5,2,2023
152,2023-06-01,Thu,1,6,2,2023
153,2023-06-02,Fri,2,6,2,2023
154,2023-06-03,Sat,3,6,2,2023
155,2023-06-04,Sun,4,6,2,2023
156,2023-06-05,Mon,5,6,2,2023
157,2023-06-06,Tue,6,6,2,2023
158,2023-06-07,Wed,7,6,2,2023
159,2023-06-08,Thu,8,6,2,2023
160,2023-06-09,Fri,9,6,2,2023
161,2023-06-10,Sat,10,6,2,2023
162,2023-06-11,Sun,11,6,2,2023
163,2023-06-12,Mon,12,6,2,2023
164,2023-06-13,Tue,13,6,2,2023
165,2023-06-14,Wed,14,6,2,2023
166,2023-06-15,Thu,15,6,2,2023
167,2023-06-16,Fri,16,6,2,2023
168,2023-06-17,Sat,17,6,2,2023
169,2023-06-18,Sun,18,6,2,2023
170,2023-06-19,Mon,19,6,2,2023
171,2023-06-20,Tue,20,6,2,2023
172,2023-06-21,Wed,21,6,2,2023
173,2023-06-22,Thu,22,6,2,2023
174,2023-06-23,Fri,23,6,2,2023
175,2023-06-24,Sat,24,6,2,2023
176,2023-06-25,Sun,25,6,2,2023
177,2023-06-26,Mon,26,6,2,2023
178,2023-06-27,Tue,27,6,2,2023
179,2023-06-28,Wed,28,6,2,2023
180,2023-06-29,Thu,29,6,2,2023
181,2023-06-30,Fri,30,6,2,2023
182,2023-07-01,Sat,1,7,3,2023
183,2023-07-02,Sun,2,7,3,2023
184,2023-07-03,Mon,3,7,3,2023
185,2023-07-04,Tue,4,7,3,2023
186,2023-07-05,Wed,5,7,3,2023
187,2023-07-06,Thu,6,7,3,2023
188,2023-07-07,Fri,7,7,3,2023
189,2023-07-08,Sat,8,7,3,2023
190,2023-07-09,Sun,9,7,3,2023
191,2023-07-10,Mon,10,7,3,2023
192,2023-07-11,Tue,11,7,3,2023
193,2023-07-12,Wed,12,7,3,2023
194,2023-07-13,Thu,13,7,3,2023
195,2023-07-14,Fri,14,7,3,2023
196,2023-07-15,Sat,15,7,3,2023
197,2023-07-16,Sun,16,7,3,2023
198,2023-07-17,Mon,17,7,3,2023
199,2023-07-18,Tue,18,7,3,2023
200,2023-07-19,Wed,19,7,3,2023
201,2023-07-20,Thu,20,7,3,2023
202,2023-07-21,Fri,21,7,3,2023
203,2023-07-22,Sat,22,7,3,2023
204,2023-07-23,Sun,23,7,3,2023
205,2023-07-24,Mon,24,7,3,2023
206,2023-07-25,Tue,25,7,3,2023
207,2023-07-26,Wed,26,7,3,2023
208,2023-07-27,Thu,27,7,3,2023
209,2023-07-28,Fri,28,7,3,2023
210,2023-07-29,Sat,29,7,3,2023
211,2023-07-30,Sun,30,7,3,2023
212,2023-07-31,Mon,31,7,3,2023
213,2023-08-01,Tue,1,8,3,2023
214,2023-08-02,Wed,2,8,3,2023
215,2023-08-03,Thu,3,8,3,2023
216,2023-08-04,Fri,4,8,3,2023
217,2023-08-05,Sat,5,8,3,2023
218,2023-08-06,Sun,6,8,3,2023
219,2023-08-07,Mon,7,8,3,2023
220,2023-08-08,Tue,8,8,3,2023
221,2023-08-09,Wed,9,8,3,2023
222,2023-08-10,Thu,10,8,3,2023
223,2023-08-11,Fri,11,8,3,2023
224,2023-08-12,Sat,12,8,3,2023
225,2023-08-13,Sun,13,8,3,2023
226,2023-08-14,Mon,14,8,3,2023
227,2023-08-15,Tue,15,8,3,2023
228,2023-08-16,Wed,16,8,3,2023
229,2023-08-17,Thu,17,8,3,2023
230,2023-08-18,Fri,18,8,3,2023
231,2023-08-19,Sat,19,8,3,2023
232,2023-08-20,Sun,20,8,3,2023
233,2023-08-21,Mon,21,8,3,2023
234,2023-08-22,Tue,22,8,3,2023
235,2023-08-23,Wed,23,8,3,2023
236,2023-08-24,Thu,24,8,3,2023
237,2023-08-25,Fri,25,8,3,2023
238,2023-08-26,Sat,26,8,3,2023
239,2023-08-27,Sun,27,8,3,2023
240,2023-08-28,Mon,28,8,3,2023
241,2023-08-29,Tue,29,8,3,2023
242,2023-08-30,Wed,30,8,3,2023
243,2023-08-31,Thu,31,8,3,2023
244,2023-09-01,Fri,1,9,3,2023
245,2023-09-02,Sat,2,9,3,2023
246,2023-09-03,Sun,3,9,3,2023
247,2023-09-04,Mon,4,9,3,2023
248,2023-09-05,Tue,5,9,3,2023
249,2023-09-06,Wed,6,9,3,2023
250,2023-09-07,Thu,7,9,3,2023
251,2023-09-08,Fri,8,9,3,2023
252,2023-09-09,Sat,9,9,3,2023
253,2023-09-10,Sun,10,9,3,2023
254,2023-09-11,Mon,11,9,3,2023
255,2023-09-12,Tue,12,9,3,2023
256,2023-09-13,Wed,13,9,3,2023
257,2023-09-14,Thu,14,9,3,2023
258,2023-09-15,Fri,15,9,3,2023
259,2023-09-16,Sat,16,9,3,2023
260,2023-09-17,Sun,17,9,3,2023
261,2023-09-18,Mon,18,9,3,2023
262,2023-09-19,Tue,19,9,3,2023
263,2023-09-20,Wed,20,9,3,2023
264,2023-09-21,Thu,21,9,3,2023
265,2023-09-22,Fri,22,9,3,2023
266,2023-09-23,Sat,23,9,3,2023
267,2023-09-24,Sun,24,9,3,2023
268,2023-09-25,Mon,25,9,3,2023
269,2023-09-26,Tue,26,9,3,2023
270,2023-09-27,Wed,27,9,3,2023
271,2023-09-28,Thu,28,9,3,2023
272,2023-09-29,Fri,29,9,3,2023
273,2023-09-30,Sat,30,9,3,2023
274,2023-10-01,Sun,1,10,4,2023
275,2023-10-02,Mon,2,10,4,2023
276,2023-10-03,Tue,3,10,4,2023
277,2023-10-04,Wed,4,10,4,2023
278,2023-10-05,Thu,5,10,4,2023
279,2023-10-06,Fri,6,10,4,2023
280,2023-10-07,Sat,7,10,4,2023
281,2023-10-08,Sun,8,10,4,2023
282,2023-10-09,Mon,9,10,4,2023
283,2023-10-10,Tue,10,10,4,2023
284,2023-10-11,Wed,11,10,4,2023
285,2023-10-12,Thu,12,10,4,2023
286,2023-10-13,Fri,13,10,4,2023
287,2023-10-14,Sat,14,10,4,2023
288,2023-10-15,Sun,15,10,4,2023
289,2023-10-16,Mon,16,10,4,2023
290,2023-10-17,Tue,17,10,4,2023
291,2023-10-18,Wed,18,10,4,2023
292,2023-10-19,Thu,19,10,4,2023
293,2023-10-20,Fri,20,10,4,2023
294,2023-10-21,Sat,21,10,4,2023
295,2023-10-22,Sun,22,10,4,2023
296,2023-10-23,Mon,23,10,4,2023
297,2023-10-24,Tue,24,10,4,2023
298,2023-10-25,Wed,25,10,4,2023
299,2023-10-26,Thu,26,10,4,2023
300,2023-10-27,Fri,27,10,4,2023
301,2023-10-28,Sat,28,10,4,2023
302,2023-10-29,Sun,29,10,4,2023
303,2023-10-30,Mon,30,10,4,2023
304,2023-10-31,Tue,31,10,4,2023
305,2023-11-01,Wed,1,11,4,2023
306,2023-11-02,Thu,2,11,4,2023
307,2023-11-03,Fri,3,11,4,2023
308,2023-11-04,Sat,4,11,4,2023
309,2023-11-05,Sun,5,11,4,2023
310,2023-11-06,Mon,6,11,4,2023
311,2023-11-07,Tue,7,11,4,2023
312,2023-11-08,Wed,8,11,4,2023
313,2023-11-09,Thu,9,11,4,2023
314,2023-11-10,Fri,10,11,4,2023
315,2023-11-11,Sat,11,11,4,2023
316,2023-11-12,Sun,12,11,4,2023
317,2023-11-13,Mon,13,11,4,2023
318,2023-11-14,Tue,14,11,4,2023
319,2023-11-15,Wed,15,11,4,2023
320,2023-11-16,Thu,16,11,4,2023
321,2023-11-17,Fri,17,11,4,2023
322,2023-11-18,Sat,18,11,4,2023
323,2023-11-19,Sun,19,11,4,2023
324,2023-11-20,Mon,20,11,4,2023
325,2023-11-21,Tue,21,11,4,2023
326,2023-11-22,Wed,22,11,4,2023
327,2023-11-23,Thu,23,11,4,2023
328,2023-11-24,Fri,24,11,4,2023
329,2023-11-25,Sat,25,11,4,2023
330,2023-11-26,Sun,26,11,4,2023
331,2023-11-27,Mon,27,11,4,2023
332,2023-11-28,Tue,28,11,4,2023
333,2023-11-29,Wed,29,11,4,2023
334,2023-11-30,Thu,30,11,4,2023
335,2023-12-01,Fri,1,12,4,2023
336,2023-12-02,Sat,2,12,4,2023
337,2023-12-03,Sun,3,12,4,2023
338,2023-12-04,Mon,4,12,4,2023
339,2023-12-05,Tue,5,12,4,2023
340,2023-12-06,Wed,6,12,4,2023
341,2023-12-07,Thu,7,12,4,2023
342,2023-12-08,Fri,8,12,4,2023
343,2023-12-09,Sat,9,12,4,2023
344,2023-12-10,Sun,10,12,4,2023
345,2023-12-11,Mon,11,12,4,2023
346,2023-12-12,Tue,12,12,4,2023
347,2023-12-13,Wed,13,12,4,2023
348,2023-12-14,Thu,14,12,4,2023
349,2023-12-15,Fri,15,12,4,2023
350,2023-12-16,Sat,16,12,4,2023
351,2023-12-17,Sun,17,12,4,2023
352,2023-12-18,Mon,18,12,4,2023
353,2023-12-19,Tue,19,12,4,2023
354,2023-12-20,Wed,20,12,4,2023
355,2023-12-21,Thu,21,12,4,2023
356,2023-12-22,Fri,22,12,4,2023
357,2023-12-23,Sat,23,12,4,2023
358,2023-12-24,Sun,24,12,4,2023
359,2023-12-25,Mon,25,12,4,2023
360,2023-12-26,Tue,26,12,4,2023
361,2023-12-27,Wed,27,12,4,2023
362,2023-12-28,Thu,28,12,4,2023
363,2023-12-29,Fri,29,12,4,2023
364,2023-12-30,Sat,30,12,4,2023
365,2023-12-31,Sun,31,12,4,2023
366,2024-01-01,Mon,1,1,1,2024
367,2024-01-02,Tue,2,1,1,2024
368,2024-01-03,Wed,3,1,1,2024
369,2024-01-04,Thu,4,1,1,2024
370,2024-01-05,Fri,5,1,1,2024
371,2024-01-06,Sat,6,1,1,2024
372,2024-01-07,Sun,7,1,1,2024
373,2024-01-08,Mon,8,1,1,2024
374,2024-01-09,Tue,9,1,1,2024
375,2024-01-10,Wed,10,1,1,2024
376,2024-01-11,Thu,11,1,1,2024
377,2024-01-12,Fri,12,1,1,2024
378,2024-01-13,Sat,13,1,1,2024
379,2024-01-14,Sun,14,1,1,2024
380,2024-01-15,Mon,15,1,1,2024
381,2024-01-16,Tue,16,1,1,2024
382,2024-01-17,Wed,17,1,1,2024
383,2024-01-18,Thu,18,1,1,2024
384,2024-01-19,Fri,19,1,1,2024
385,2024-01-20,Sat,20,1,1,2024
386,2024-01-21,Sun,21,1,1,2024
387,2024-01-22,Mon,22,1,1,2024
388,2024-01-23,Tue,23,1,1,2024
389,2024-01-24,Wed,24,1,1,2024
390,2024-01-25,Thu,25,1,1,2024
391,2024-01-26,Fri,26,1,1,2024
392,2024-01-27,Sat,27,1,1,2024
393,2024-01-28,Sun,28,1,1,2024
394,2024-01-29,Mon,29,1,1,2024
395,2024-01-30,Tue,30,1,1,2024
396,2024-01-31,Wed,31,1,1,2024
397,2024-02-01,Thu,1,2,1,2024
398,2024-02-02,Fri,2,2,1,2024
399,2024-02-03,Sat,3,2,1,2024
400,2024-02-04,Sun,4,2,1,2024
401,2024-02-05,Mon,5,2,1,2024
402,2024-02-06,Tue,6,2,1,2024
403,2024-02-07,Wed,7,2,1,2024
404,2024-02-08,Thu,8,2,1,2024
405,2024-02-09,Fri,9,2,1,2024
406,2024-02-10,Sat,10,2,1,2024
407,2024-02-11,Sun,11,2,1,2024
408,2024-02-12,Mon,12,2,1,2024
409,2024-02-13,Tue,13,2,1,2024
410,2024-02-14,Wed,14,2,1,2024
411,2024-02-15,Thu,15,2,1,2024
412,2024-02-16,Fri,16,2,1,2024
413,2024-02-17,Sat,17,2,1,2024
414,2024-02-18,Sun,18,2,1,2024
415,2024-02-19,Mon,19,2,1,2024
416,2024-02-20,Tue,20,2,1,2024
417,2024-02-21,Wed,21,2,1,2024
418,2024-02-22,Thu,22,2,1,2024
419,2024-02-23,Fri,23,2,1,2024
420,2024-02-24,Sat,24,2,1,2024
421,2024-02-25,Sun,25,2,1,2024
422,2024-02-26,Mon,26,2,1,2024
423,2024-02-27,Tue,27,2,1,2024
424,2024-02-28,Wed,28,2,1,2024
425,2024-02-29,Thu,29,2,1,2024
426,2024-03-01,Fri,1,3,1,2024
427,2024-03-02,Sat,2,3,1,2024
428,2024-03-03,Sun,3,3,1,2024
429,2024-03-04,Mon,4,3,1,2024
430,2024-03-05,Tue,5,3,1,2024
431,2024-03-06,Wed,6,3,1,2024
432,2024-03-07,Thu,7,3,1,2024
433,2024-03-08,Fri,8,3,1,2024
434,2024-03-09,Sat,9,3,1,2024
435,2024-03-10,Sun,10,3,1,2024
436,2024-03-11,Mon,11,3,1,2024
437,2024-03-12,Tue,12,3,1,2024
438,2024-03-13,Wed,13,3,1,2024
439,2024-03-14,Thu,14,3,1,2024
440,2024-03-15,Fri,15,3,1,2024
441,2024-03-16,Sat,16,3,1,2024
442,2024-03-17,Sun,17,3,1,2024
443,2024-03-18,Mon,18,3,1,2024
444,2024-03-19,Tue,19,3,1,2024
445,2024-03-20,Wed,20,3,1,2024
446,2024-03-21,Thu,21,3,1,2024
447,2024-03-22,Fri,22,3,1,2024
448,2024-03-23,Sat,23,3,1,2024
449,2024-03-24,Sun,24,3,1,2024
450,2024-03-25,Mon,25,3,1,2024
451,2024-03-26,Tue,26,3,1,2024
452,2024-03-27,Wed,27,3,1,2024
453,2024-03-28,Thu,28,3,1,2024
454,2024-03-29,Fri,29,3,1,2024
455,2024-03-30,Sat,30,3,1,2024
456,2024-03-31,Sun,31,3,1,2024
457,2024-04-01,Mon,1,4,2,2024
458,2024-04-02,Tue,2,4,2,2024
459,2024-04-03,Wed,3,4,2,2024
460,2024-04-04,Thu,4,4,2,2024
461,2024-04-05,Fri,5,4,2,2024
462,2024-04-06,Sat,6,4,2,2024
463,2024-04-07,Sun,7,4,2,2024
464,2024-04-08,Mon,8,4,2,2024
465,2024-04-09,Tue,9,4,2,2024
466,2024-04-10,Wed,10,4,2,2024
467,2024-04-11,Thu,11,4,2,2024
468,2024-04-12,Fri,12,4,2,2024
469,2024-04-13,Sat,13,4,2,2024
470,2024-04-14,Sun,14,4,2,2024
471,2024-04-15,Mon,15,4,2,2024
472,2024-04-16,Tue,16,4,2,2024
473,2024-04-17,Wed,17,4,2,2024
474,2024-04-18,Thu,18,4,2,2024
475,2024-04-19,Fri,19,4,2,2024
476,2024-04-20,Sat,20,4,2,2024
477,2024-04-21,Sun,21,4,2,2024
478,2024-04-22,Mon,22,4,2,2024
479,2024-04-23,Tue,23,4,2,2024
480,2024-04-24,Wed,24,4,2,2024
481,2024-04-25,Thu,25,4,2,2024
482,2024-04-26,Fri,26,4,2,2024
483,2024-04-27,Sat,27,4,2,2024
484,2024-04-28,Sun,28,4,2,2024
485,2024-04-29,Mon,29,4,2,2024
486,2024-04-30,Tue,30,4,2,2024
487,2024-05-01,Wed,1,5,2,2024
488,2024-05-02,Thu,2,5,2,2024
489,2024-05-03,Fri,3,5,2,2024
490,2024-05-04,Sat,4,5,2,2024
491,2024-05-05,Sun,5,5,2,2024
492,2024-05-06,Mon,6,5,2,2024
493,2024-05-07,Tue,7,5,2,2024
494,2024-05-08,Wed,8,5,2,2024
495,2024-05-09,Thu,9,5,2,2024
496,2024-05-10,Fri,10,5,2,2024
497,2024-05-11,Sat,11,5,2,2024
498,2024-05-12,Sun,12,5,2,2024
499,2024-05-13,Mon,13,5,2,2024
500,2024-05-14,Tue,14,5,2,2024
501,2024-05-15,Wed,15,5,2,2024
502,2024-05-16,Thu,16,5,2,2024
503,2024-05-17,Fri,17,5,2,2024
504,2024-05-18,Sat,18,5,2,2024
505,2024-05-19,Sun,19,5,2,2024
506,2024-05-20,Mon,20,5,2,2024
507,2024-05-21,Tue,21,5,2,2024
508,2024-05-22,Wed,22,5,2,2024
509,2024-05-23,Thu,23,5,2,2024
510,2024-05-24,Fri,24,5,2,2024
511,2024-05-25,Sat,25,5,2,2024
512,2024-05-26,Sun,26,5,2,2024
513,2024-05-27,Mon,27,5,2,2024
514,2024-05-28,Tue,28,5,2,2024
515,2024-05-29,Wed,29,5,2,2024
516,2024-05-30,Thu,30,5,2,2024
517,2024-05-31,Fri,31,5,2,2024
518,2024-06-01,Sat,1,6,2,2024
519,2024-06-02,Sun,2,6,2,2024
520,2024-06-03,Mon,3,6,2,2024
521,2024-06-04,Tue,4,6,2,2024
522,2024-06-05,Wed,5,6,2,2024
523,2024-06-06,Thu,6,6,2,2024
524,2024-06-07,Fri,7,6,2,2024
525,2024-06-08,Sat,8,6,2,2024
526,2024-06-09,Sun,9,6,2,2024
527,2024-06-10,Mon,10,6,2,2024
528,2024-06-11,Tue,11,6,2,2024
529,2024-06-12,Wed,12,6,2,2024
530,2024-06-13,Thu,13,6,2,2024
531,2024-06-14,Fri,14,6,2,2024
532,2024-06-15,Sat,15,6,2,2024
533,2024-06-16,Sun,16,6,2,2024
534,2024-06-17,Mon,17,6,2,2024
535,2024-06-18,Tue,18,6,2,2024
536,2024-06-19,Wed,19,6,2,2024
537,2024-06-20,Thu,20,6,2,2024
538,2024-06-21,Fri,21,6,2,2024
539,2024-06-22,Sat,22,6,2,2024
540,2024-06-23,Sun,23,6,2,2024
541,2024-06-24,Mon,24,6,2,2024
542,2024-06-25,Tue,25,6,2,2024
543,2024-06-26,Wed,26,6,2,2024
544,2024-06-27,Thu,27,6,2,2024
545,2024-06-28,Fri,28,6,2,2024
546,2024-06-29,Sat,29,6,2,2024
547,2024-06-30,Sun,30,6,2,2024
548,2024-07-01,Mon,1,7,3,2024
549,2024-07-02,Tue,2,7,3,2024
550,2024-07-03,Wed,3,7,3,2024
551,2024-07-04,Thu,4,7,3,2024
552,2024-07-05,Fri,5,7,3,2024
553,2024-07-06,Sat,6,7,3,2024
554,2024-07-07,Sun,7,7,3,2024
555,2024-07-08,Mon,8,7,3,2024
556,2024-07-09,Tue,9,7,3,2024
557,2024-07-10,Wed,10,7,3,2024
558,2024-07-11,Thu,11,7,3,2024
559,2024-07-12,Fri,12,7,3,2024
560,2024-07-13,Sat,13,7,3,2024
561,2024-07-14,Sun,14,7,3,2024
562,2024-07-15,Mon,15,7,3,2024
563,2024-07-16,Tue,16,7,3,2024
564,2024-07-17,Wed,17,7,3,2024
565,2024-07-18,Thu,18,7,3,2024
566,2024-07-19,Fri,19,7,3,2024
567,2024-07-20,Sat,20,7,3,2024
568,2024-07-21,Sun,21,7,3,2024
569,2024-07-22,Mon,22,7,3,2024
570,2024-07-23,Tue,23,7,3,2024
571,2024-07-24,Wed,24,7,3,2024
572,2024-07-25,Thu,25,7,3,2024
573,2024-07-26,Fri,26,7,3,2024
574,2024-07-27,Sat,27,7,3,2024
575,2024-07-28,Sun,28,7,3,2024
576,2024-07-29,Mon,29,7,3,2024
577,2024-07-30,Tue,30,7,3,2024
578,2024-07-31,Wed,31,7,3,2024
579,2024-08-01,Thu,1,8,3,2024
580,2024-08-02,Fri,2,8,3,2024
581,2024-08-03,Sat,3,8,3,2024
582,2024-08-04,Sun,4,8,3,2024
583,2024-08-05,Mon,5,8,3,2024
584,2024-08-06,Tue,6,8,3,2024
585,2024-08-07,Wed,7,8,3,2024
586,2024-08-08,Thu,8,8,3,2024
587,2024-08-09,Fri,9,8,3,2024
588,2024-08-10,Sat,10,8,3,2024
589,2024-08-11,Sun,11,8,3,2024
590,2024-08-12,Mon,12,8,3,2024
591,2024-08-13,Tue,13,8,3,2024
592,2024-08-14,Wed,14,8,3,2024
593,2024-08-15,Thu,15,8,3,2024
594,2024-08-16,Fri,16,8,3,2024
595,2024-08-17,Sat,17,8,3,2024
596,2024-08-18,Sun,18,8,3,2024
597,2024-08-19,Mon,19,8,3,2024
598,2024-08-20,Tue,20,8,3,2024
599,2024-08-21,Wed,21,8,3,2024
600,2024-08-22,Thu,22,8,3,2024
601,2024-08-23,Fri,23,8,3,2024
602,2024-08-24,Sat,24,8,3,2024
603,2024-08-25,Sun,25,8,3,2024
604,2024-08-26,Mon,26,8,3,2024
605,2024-08-27,Tue,27,8,3,2024
606,2024-08-28,Wed,28,8,3,2024
607,2024-08-29,Thu,29,8,3,2024
608,2024-08-30,Fri,30,8,3,2024
609,2024-08-31,Sat,31,8,3,2024
610,2024-09-01,Sun,1,9,3,2024
611,2024-09-02,Mon,2,9,3,2024
612,2024-09-03,Tue,3,9,3,2024
613,2024-09-04,Wed,4,9,3,2024
614,2024-09-05,Thu,5,9,3,2024
615,2024-09-06,Fri,6,9,3,2024
616,2024-09-07,Sat,7,9,3,2024
617,2024-09-08,Sun,8,9,3,2024
618,2024-09-09,Mon,9,9,3,2024
619,2024-09-10,Tue,10,9,3,2024
620,2024-09-11,Wed,11,9,3,2024
621,2024-09-12,Thu,12,9,3,2024
622,2024-09-13,Fri,13,9,3,2024
623,2024-09-14,Sat,14,9,3,2024
624,2024-09-15,Sun,15,9,3,2024
625,2024-09-16,Mon,16,9,3,2024
626,2024-09-17,Tue,17,9,3,2024
627,2024-09-18,Wed,18,9,3,2024
628,2024-09-19,Thu,19,9,3,2024
629,2024-09-20,Fri,20,9,3,2024
630,2024-09-21,Sat,21,9,3,2024
631,2024-09-22,Sun,22,9,3,2024
632,2024-09-23,Mon,23,9,3,2024
633,2024-09-24,Tue,24,9,3,2024
634,2024-09-25,Wed,25,9,3,2024
635,2024-09-26,Thu,26,9,3,2024
636,2024-09-27,Fri,27,9,3,2024
637,2024-09-28,Sat,28,9,3,2024
638,2024-09-29,Sun,29,9,3,2024
639,2024-09-30,Mon,30,9,3,2024
640,2024-10-01,Tue,1,10,4,2024
641,2024-10-02,Wed,2,10,4,2024
642,2024-10-03,Thu,3,10,4,2024
643,2024-10-04,Fri,4,10,4,2024
644,2024-10-05,Sat,5,10,4,2024
645,2024-10-06,Sun,6,10,4,2024
646,2024-10-07,Mon,7,10,4,2024
647,2024-10-08,Tue,8,10,4,2024
648,2024-10-09,Wed,9,10,4,2024
649,2024-10-10,Thu,10,10,4,2024
650,2024-10-11,Fri,11,10,4,2024
651,2024-10-12,Sat,12,10,4,2024
652,2024-10-13,Sun,13,10,4,2024
653,2024-10-14,Mon,14,10,4,2024
654,2024-10-15,Tue,15,10,4,2024
655,2024-10-16,Wed,16,10,4,2024
656,2024-10-17,Thu,17,10,4,2024
657,2024-10-18,Fri,18,10,4,2024
658,2024-10-19,Sat,19,10,4,2024
659,2024-10-20,Sun,20,10,4,2024
660,2024-10-21,Mon,21,10,4,2024
661,2024-10-22,Tue,22,10,4,2024
662,2024-10-23,Wed,23,10,4,2024
663,2024-10-24,Thu,24,10,4,2024
664,2024-10-25,Fri,25,10,4,2024
665,2024-10-26,Sat,26,10,4,2024
666,2024-10-27,Sun,27,10,4,2024
667,2024-10-28,Mon,28,10,4,2024
668,2024-10-29,Tue,29,10,4,2024
669,2024-10-30,Wed,30,10,4,2024
670,2024-10-31,Thu,31,10,4,2024
671,2024-11-01,Fri,1,11,4,2024
672,2024-11-02,Sat,2,11,4,2024
673,2024-11-03,Sun,3,11,4,2024
674,2024-11-04,Mon,4,11,4,2024
675,2024-11-05,Tue,5,11,4,2024
676,2024-11-06,Wed,6,11,4,2024
677,2024-11-07,Thu,7,11,4,2024
678,2024-11-08,Fri,8,11,4,2024
679,2024-11-09,Sat,9,11,4,2024
680,2024-11-10,Sun,10,11,4,2024
681,2024-11-11,Mon,11,11,4,2024
682,2024-11-12,Tue,12,11,4,2024
683,2024-11-13,Wed,13,11,4,2024
684,2024-11-14,Thu,14,11,4,2024
685,2024-11-15,Fri,15,11,4,2024
686,2024-11-16,Sat,16,11,4,2024
687,2024-11-17,Sun,17,11,4,2024
688,2024-11-18,Mon,18,11,4,2024
689,2024-11-19,Tue,19,11,4,2024
690,2024-11-20,Wed,20,11,4,2024
691,2024-11-21,Thu,21,11,4,2024
692,2024-11-22,Fri,22,11,4,2024
693,2024-11-23,Sat,23,11,4,2024
694,2024-11-24,Sun,24,11,4,2024
695,2024-11-25,Mon,25,11,4,2024
696,2024-11-26,Tue,26,11,4,2024
697,2024-11-27,Wed,27,11,4,2024
698,2024-11-28,Thu,28,11,4,2024
699,2024-11-29,Fri,29,11,4,2024
700,2024-11-30,Sat,30,11,4,2024
701,2024-12-01,Sun,1,12,4,2024
702,2024-12-02,Mon,2,12,4,2024
703,2024-12-03,Tue,3,12,4,2024
704,2024-12-04,Wed,4,12,4,2024
705,2024-12-05,Thu,5,12,4,2024
706,2024-12-06,Fri,6,12,4,2024
707,2024-12-07,Sat,7,12,4,2024
708,2024-12-08,Sun,8,12,4,2024
709,2024-12-09,Mon,9,12,4,2024
710,2024-12-10,Tue,10,12,4,2024
711,2024-12-11,Wed,11,12,4,2024
712,2024-12-12,Thu,12,12,4,2024
713,2024-12-13,Fri,13,12,4,2024
714,2024-12-14,Sat,14,12,4,2024
715,2024-12-15,Sun,15,12,4,2024
716,2024-12-16,Mon,16,12,4,2024
717,2024-12-17,Tue,17,12,4,2024
718,2024-12-18,Wed,18,12,4,2024
719,2024-12-19,Thu,19,12,4,2024
720,2024-12-20,Fri,20,12,4,2024
721,2024-12-21,Sat,21,12,4,2024
722,2024-12-22,Sun,22,12,4,2024
723,2024-12-23,Mon,23,12,4,2024
724,2024-12-24,Tue,24,12,4,2024
725,2024-12-25,Wed,25,12,4,2024
726,2024-12-26,Thu,26,12,4,2024
727,2024-12-27,Fri,27,12,4,2024
728,2024-12-28,Sat,28,12,4,2024
729,2024-12-29,Sun,29,12,4,2024
730,2024-12-30,Mon,30,12,4,2024
731,2024-12-31,Tue,31,12,4,2024
732,2025-01-01,Wed,1,1,1,2025
733,2025-01-02,Thu,2,1,1,2025
734,2025-01-03,Fri,3,1,1,2025
735,2025-01-04,Sat,4,1,1,2025
736,2025-01-05,Sun,5,1,1,2025
737,2025-01-06,Mon,6,1,1,2025
738,2025-01-07,Tue,7,1,1,2025
739,2025-01-08,Wed,8,1,1,2025
740,2025-01-09,Thu,9,1,1,2025
741,2025-01-10,Fri,10,1,1,2025
742,2025-01-11,Sat,11,1,1,2025
743,2025-01-12,Sun,12,1,1,2025
744,2025-01-13,Mon,13,1,1,2025
745,2025-01-14,Tue,14,1,1,2025
746,2025-01-15,Wed,15,1,1,2025
747,2025-01-16,Thu,16,1,1,2025
748,2025-01-17,Fri,17,1,1,2025
749,2025-01-18,Sat,18,1,1,2025
750,2025-01-19,Sun,19,1,1,2025
751,2025-01-20,Mon,20,1,1,2025
752,2025-01-21,Tue,21,1,1,2025
753,2025-01-22,Wed,22,1,1,2025
754,2025-01-23,Thu,23,1,1,2025
755,2025-01-24,Fri,24,1,1,2025
756,2025-01-25,Sat,25,1,1,2025
757,2025-01-26,Sun,26,1,1,2025
758,2025-01-27,Mon,27,1,1,2025
759,2025-01-28,Tue,28,1,1,2025
760,2025-01-29,Wed,29,1,1,2025
761,2025-01-30,Thu,30,1,1,2025
762,2025-01-31,Fri,31,1,1,2025
763,2025-02-01,Sat,1,2,1,2025
764,2025-02-02,Sun,2,2,1,2025
765,2025-02-03,Mon,3,2,1,2025
766,2025-02-04,Tue,4,2,1,2025
767,2025-02-05,Wed,5,2,1,2025
768,2025-02-06,Thu,6,2,1,2025
769,2025-02-07,Fri,7,2,1,2025
770,2025-02-08,Sat,8,2,1,2025
771,2025-02-09,Sun,9,2,1,2025
772,2025-02-10,Mon,10,2,1,2025
773,2025-02-11,Tue,11,2,1,2025
774,2025-02-12,Wed,12,2,1,2025
775,2025-02-13,Thu,13,2,1,2025
776,2025-02-14,Fri,14,2,1,2025
777,2025-02-15,Sat,15,2,1,2025
778,2025-02-16,Sun,16,2,1,2025
779,2025-02-17,Mon,17,2,1,2025
780,2025-02-18,Tue,18,2,1,2025
781,2025-02-19,Wed,19,2,1,2025
782,2025-02-20,Thu,20,2,1,2025
783,2025-02-21,Fri,21,2,1,2025
784,2025-02-22,Sat,22,2,1,2025
785,2025-02-23,Sun,23,2,1,2025
786,2025-02-24,Mon,24,2,1,2025
787,2025-02-25,Tue,25,2,1,2025
788,2025-02-26,Wed,26,2,1,2025
789,2025-02-27,Thu,27,2,1,2025
790,2025-02-28,Fri,28,2,1,2025
791,2025-03-01,Sat,1,3,1,2025
792,2025-03-02,Sun,2,3,1,2025
793,2025-03-03,Mon,3,3,1,2025
794,2025-03-04,Tue,4,3,1,2025
795,2025-03-05,Wed,5,3,1,2025
796,2025-03-06,Thu,6,3,1,2025
797,2025-03-07,Fri,7,3,1,2025
798,2025-03-08,Sat,8,3,1,2025
799,2025-03-09,Sun,9,3,1,2025
800,2025-03-10,Mon,10,3,1,2025
801,2025-03-11,Tue,11,3,1,2025
802,2025-03-12,Wed,12,3,1,2025
803,2025-03-13,Thu,13,3,1,2025
804,2025-03-14,Fri,14,3,1,2025
805,2025-03-15,Sat,15,3,1,2025
806,2025-03-16,Sun,16,3,1,2025
807,2025-03-17,Mon,17,3,1,2025
808,2025-03-18,Tue,18,3,1,2025
809,2025-03-19,Wed,19,3,1,2025
810,2025-03-20,Thu,20,3,1,2025
811,2025-03-21,Fri,21,3,1,2025
812,2025-03-22,Sat,22,3,1,2025
813,2025-03-23,Sun,23,3,1,2025
814,2025-03-24,Mon,24,3,1,2025
815,2025-03-25,Tue,25,3,1,2025
816,2025-03-26,Wed,26,3,1,2025
817,2025-03-27,Thu,27,3,1,2025
818,2025-03-28,Fri,28,3,1,2025
819,2025-03-29,Sat,29,3,1,2025
820,2025-03-30,Sun,30,3,1,2025
821,2025-03-31,Mon,31,3,1,2025
822,2025-04-01,Tue,1,4,2,2025
823,2025-04-02,Wed,2,4,2,2025
824,2025-04-03,Thu,3,4,2,2025
825,2025-04-04,Fri,4,4,2,2025
826,2025-04-05,Sat,5,4,2,2025
827,2025-04-06,Sun,6,4,2,2025
828,2025-04-07,Mon,7,4,2,2025
829,2025-04-08,Tue,8,4,2,2025
830,2025-04-09,Wed,9,4,2,2025
831,2025-04-10,Thu,10,4,2,2025
832,2025-04-11,Fri,11,4,2,2025
833,2025-04-12,Sat,12,4,2,2025
834,2025-04-13,Sun,13,4,2,2025
835,2025-04-14,Mon,14,4,2,2025
836,2025-04-15,Tue,15,4,2,2025
837,2025-04-16,Wed,16,4,2,2025
838,2025-04-17,Thu,17,4,2,2025
839,2025-04-18,Fri,18,4,2,2025
840,2025-04-19,Sat,19,4,2,2025
841,2025-04-20,Sun,20,4,2,2025
842,2025-04-21,Mon,21,4,2,2025
843,2025-04-22,Tue,22,4,2,2025
844,2025-04-23,Wed,23,4,2,2025
845,2025-04-24,Thu,24,4,2,2025
846,2025-04-25,Fri,25,4,2,2025
847,2025-04-26,Sat,26,4,2,2025
848,2025-04-27,Sun,27,4,2,2025
849,2025-04-28,Mon,28,4,2,2025
850,2025-04-29,Tue,29,4,2,2025
851,2025-04-30,Wed,30,4,2,2025
852,2025-05-01,Thu,1,5,2,2025
853,2025-05-02,Fri,2,5,2,2025
854,2025-05-03,Sat,3,5,2,2025
855,2025-05-04,Sun,4,5,2,2025
856,2025-05-05,Mon,5,5,2,2025
857,2025-05-06,Tue,6,5,2,2025
858,2025-05-07,Wed,7,5,2,2025
859,2025-05-08,Thu,8,5,2,2025
860,2025-05-09,Fri,9,5,2,2025
861,2025-05-10,Sat,10,5,2,2025
862,2025-05-11,Sun,11,5,2,2025
863,2025-05-12,Mon,12,5,2,2025
864,2025-05-13,Tue,13,5,2,2025
865,2025-05-14,Wed,14,5,2,2025
866,2025-05-15,Thu,15,5,2,2025
867,2025-05-16,Fri,16,5,2,2025
868,2025-05-17,Sat,17,5,2,2025
869,2025-05-18,Sun,18,5,2,2025
870,2025-05-19,Mon,19,5,2,2025
871,2025-05-20,Tue,20,5,2,2025
872,2025-05-21,Wed,21,5,2,2025
873,2025-05-22,Thu,22,5,2,2025
874,2025-05-23,Fri,23,5,2,2025
875,2025-05-24,Sat,24,5,2,2025
876,2025-05-25,Sun,25,5,2,2025
877,2025-05-26,Mon,26,5,2,2025
878,2025-05-27,Tue,27,5,2,2025
879,2025-05-28,Wed,28,5,2,2025
880,2025-05-29,Thu,29,5,2,2025
881,2025-05-30,Fri,30,5,2,2025
882,2025-05-31,Sat,31,5,2,2025
883,2025-06-01,Sun,1,6,2,2025
884,2025-06-02,Mon,2,6,2,2025
885,2025-06-03,Tue,3,6,2,2025
886,2025-06-04,Wed,4,6,2,2025
887,2025-06-05,Thu,5,6,2,2025
888,2025-06-06,Fri,6,6,2,2025
889,2025-06-07,Sat,7,6,2,2025
890,2025-06-08,Sun,8,6,2,2025
891,2025-06-09,Mon,9,6,2,2025
892,2025-06-10,Tue,10,6,2,2025
893,2025-06-11,Wed,11,6,2,2025
894,2025-06-12,Thu,12,6,2,2025
895,2025-06-13,Fri,13,6,2,2025
896,2025-06-14,Sat,14,6,2,2025
897,2025-06-15,Sun,15,6,2,2025
898,2025-06-16,Mon,16,6,2,2025
899,2025-06-17,Tue,17,6,2,2025
900,2025-06-18,Wed,18,6,2,2025
901,2025-06-19,Thu,19,6,2,2025
902,2025-06-20,Fri,20,6,2,2025
903,2025-06-21,Sat,21,6,2,2025
904,2025-06-22,Sun,22,6,2,2025
905,2025-06-23,Mon,23,6,2,2025
906,2025-06-24,Tue,24,6,2,2025
907,2025-06-25,Wed,25,6,2,2025
908,2025-06-26,Thu,26,6,2,2025
909,2025-06-27,Fri,27,6,2,2025
910,2025-06-28,Sat,28,6,2,2025
911,2025-06-29,Sun,29,6,2,2025
912,2025-06-30,Mon,30,6,2,2025
913,2025-07-01,Tue,1,7,3,2025
914,2025-07-02,Wed,2,7,3,2025
915,2025-07-03,Thu,3,7,3,2025
916,2025-07-04,Fri,4,7,3,2025
917,2025-07-05,Sat,5,7,3,2025
918,2025-07-06,Sun,6,7,3,2025
919,2025-07-07,Mon,7,7,3,2025
920,2025-07-08,Tue,8,7,3,2025
921,2025-07-09,Wed,9,7,3,2025
922,2025-07-10,Thu,10,7,3,2025
923,2025-07-11,Fri,11,7,3,2025
924,2025-07-12,Sat,12,7,3,2025
925,2025-07-13,Sun,13,7,3,2025
926,2025-07-14,Mon,14,7,3,2025
927,2025-07-15,Tue,15,7,3,2025
928,2025-07-16,Wed,16,7,3,2025
929,2025-07-17,Thu,17,7,3,2025
930,2025-07-18,Fri,18,7,3,2025
931,2025-07-19,Sat,19,7,3,2025
932,2025-07-20,Sun,20,7,3,2025
933,2025-07-21,Mon,21,7,3,2025
934,2025-07-22,Tue,22,7,3,2025
935,2025-07-23,Wed,23,7,3,2025
936,2025-07-24,Thu,24,7,3,2025
937,2025-07-25,Fri,25,7,3,2025
938,2025-07-26,Sat,26,7,3,2025
939,2025-07-27,Sun,27,7,3,2025
940,2025-07-28,Mon,28,7,3,2025
941,2025-07-29,Tue,29,7,3,2025
942,2025-07-30,Wed,30,7,3,2025
943,2025-07-31,Thu,31,7,3,2025
944,2025-08-01,Fri,1,8,3,2025
945,2025-08-02,Sat,2,8,3,2025
946,2025-08-03,Sun,3,8,3,2025
947,2025-08-04,Mon,4,8,3,2025
948,2025-08-05,Tue,5,8,3,2025
949,2025-08-06,Wed,6,8,3,2025
950,2025-08-07,Thu,7,8,3,2025
951,2025-08-08,Fri,8,8,3,2025
952,2025-08-09,Sat,9,8,3,2025
953,2025-08-10,Sun,10,8,3,2025
954,2025-08-11,Mon,11,8,3,2025
955,2025-08-12,Tue,12,8,3,2025
956,2025-08-13,Wed,13,8,3,2025
957,2025-08-14,Thu,14,8,3,2025
958,2025-08-15,Fri,15,8,3,2025
959,2025-08-16,Sat,16,8,3,2025
960,2025-08-17,Sun,17,8,3,2025
961,2025-08-18,Mon,18,8,3,2025
962,2025-08-19,Tue,19,8,3,2025
963,2025-08-20,Wed,20,8,3,2025
964,2025-08-21,Thu,21,8,3,2025
965,2025-08-22,Fri,22,8,3,2025
966,2025-08-23,Sat,23,8,3,2025
967,2025-08-24,Sun,24,8,3,2025
968,2025-08-25,Mon,25,8,3,2025
969,2025-08-26,Tue,26,8,3,2025
970,2025-08-27,Wed,27,8,3,2025
971,2025-08-28,Thu,28,8,3,2025
972,2025-08-29,Fri,29,8,3,2025
973,2025-08-30,Sat,30,8,3,2025
974,2025-08-31,Sun,31,8,3,2025
975,2025-09-01,Mon,1,9,3,2025
976,2025-09-02,Tue,2,9,3,2025
977,2025-09-03,Wed,3,9,3,2025
978,2025-09-04,Thu,4,9,3,2025
979,2025-09-05,Fri,5,9,3,2025
980,2025-09-06,Sat,6,9,3,2025
981,2025-09-07,Sun,7,9,3,2025
982,2025-09-08,Mon,8,9,3,2025
983,2025-09-09,Tue,9,9,3,2025
984,2025-09-10,Wed,10,9,3,2025
985,2025-09-11,Thu,11,9,3,2025
986,2025-09-12,Fri,12,9,3,2025
987,2025-09-13,Sat,13,9,3,2025
988,2025-09-14,Sun,14,9,3,2025
989,2025-09-15,Mon,15,9,3,2025
990,2025-09-16,Tue,16,9,3,2025
991,2025-09-17,Wed,17,9,3,2025
992,2025-09-18,Thu,18,9,3,2025
993,2025-09-19,Fri,19,9,3,2025
994,2025-09-20,Sat,20,9,3,2025
995,2025-09-21,Sun,21,9,3,2025
996,2025-09-22,Mon,22,9,3,2025
997,2025-09-23,Tue,23,9,3,2025
998,2025-09-24,Wed,24,9,3,2025
999,2025-09-25,Thu,25,9,3,2025
1000,2025-09-26,Fri,26,9,3,2025
1001,2025-09-27,Sat,27,9,3,2025
1002,2025-09-28,Sun,28,9,3,2025
1003,2025-09-29,Mon,29,9,3,2025
1004,2025-09-30,Tue,30,9,3,2025
1005,2025-10-01,Wed,1,10,4,2025
1006,2025-10-02,Thu,2,10,4,2025
1007,2025-10-03,Fri,3,10,4,2025
1008,2025-10-04,Sat,4,10,4,2025
1009,2025-10-05,Sun,5,10,4,2025
1010,2025-10-06,Mon,6,10,4,2025
1011,2025-10-07,Tue,7,10,4,2025
1012,2025-10-08,Wed,8,10,4,2025
1013,2025-10-09,Thu,9,10,4,2025
1014,2025-10-10,Fri,10,10,4,2025
1015,2025-10-11,Sat,11,10,4,2025
1016,2025-10-12,Sun,12,10,4,2025
1017,2025-10-13,Mon,13,10,4,2025
1018,2025-10-14,Tue,14,10,4,2025
1019,2025-10-15,Wed,15,10,4,2025
1020,2025-10-16,Thu,16,10,4,2025
1021,2025-10-17,Fri,17,10,4,2025
1022,2025-10-18,Sat,18,10,4,2025
1023,2025-10-19,Sun,19,10,4,2025
1024,2025-10-20,Mon,20,10,4,2025
1025,2025-10-21,Tue,21,10,4,2025
1026,2025-10-22,Wed,22,10,4,2025
1027,2025-10-23,Thu,23,10,4,2025
1028,2025-10-24,Fri,24,10,4,2025
1029,2025-10-25,Sat,25,10,4,2025
1030,2025-10-26,Sun,26,10,4,2025
1031,2025-10-27,Mon,27,10,4,2025
1032,2025-10-28,Tue,28,10,4,2025
1033,2025-10-29,Wed,29,10,4,2025
1034,2025-10-30,Thu,30,10,4,2025
1035,2025-10-31,Fri,31,10,4,2025
1036,2025-11-01,Sat,1,11,4,2025
1037,2025-11-02,Sun,2,11,4,2025
1038,2025-11-03,Mon,3,11,4,2025
1039,2025-11-04,Tue,4,11,4,2025
1040,2025-11-05,Wed,5,11,4,2025
1041,2025-11-06,Thu,6,11,4,2025
1042,2025-11-07,Fri,7,11,4,2025
1043,2025-11-08,Sat,8,11,4,2025
1044,2025-11-09,Sun,9,11,4,2025
1045,2025-11-10,Mon,10,11,4,2025
1046,2025-11-11,Tue,11,11,4,2025
1047,2025-11-12,Wed,12,11,4,2025
1048,2025-11-13,Thu,13,11,4,2025
1049,2025-11-14,Fri,14,11,4,2025
1050,2025-11-15,Sat,15,11,4,2025
1051,2025-11-16,Sun,16,11,4,2025
1052,2025-11-17,Mon,17,11,4,2025
1053,2025-11-18,Tue,18,11,4,2025
1054,2025-11-19,Wed,19,11,4,2025
1055,2025-11-20,Thu,20,11,4,2025
1056,2025-11-21,Fri,21,11,4,2025
1057,2025-11-22,Sat,22,11,4,2025
1058,2025-11-23,Sun,23,11,4,2025
1059,2025-11-24,Mon,24,11,4,2025
1060,2025-11-25,Tue,25,11,4,2025
1061,2025-11-26,Wed,26,11,4,2025
1062,2025-11-27,Thu,27,11,4,2025
1063,2025-11-28,Fri,28,11,4,2025
1064,2025-11-29,Sat,29,11,4,2025
1065,2025-11-30,Sun,30,11,4,2025
1066,2025-12-01,Mon,1,12,4,2025
1067,2025-12-02,Tue,2,12,4,2025
1068,2025-12-03,Wed,3,12,4,2025
1069,2025-12-04,Thu,4,12,4,2025
1070,2025-12-05,Fri,5,12,4,2025
1071,2025-12-06,Sat,6,12,4,2025
1072,2025-12-07,Sun,7,12,4,2025
1073,2025-12-08,Mon,8,12,4,2025
1074,2025-12-09,Tue,9,12,4,2025
1075,2025-12-10,Wed,10,12,4,2025
1076,2025-12-11,Thu,11,12,4,2025
1077,2025-12-12,Fri,12,12,4,2025
1078,2025-12-13,Sat,13,12,4,2025
1079,2025-12-14,Sun,14,12,4,2025
1080,2025-12-15,Mon,15,12,4,2025
1081,2025-12-16,Tue,16,12,4,2025
1082,2025-12-17,Wed,17,12,4,2025
1083,2025-12-18,Thu,18,12,4,2025
1084,2025-12-19,Fri,19,12,4,2025
1085,2025-12-20,Sat,20,12,4,2025
1086,2025-12-21,Sun,21,12,4,2025
1087,2025-12-22,Mon,22,12,4,2025
1088,2025-12-23,Tue,23,12,4,2025
1089,2025-12-24,Wed,24,12,4,2025
1090,2025-12-25,Thu,25,12,4,2025
1091,2025-12-26,Fri,26,12,4,2025
1092,2025-12-27,Sat,27,12,4,2025
1093,2025-12-28,Sun,28,12,4,2025
1094,2025-12-29,Mon,29,12,4,2025
1095,2025-12-30,Tue,30,12,4,2025
(1095 rows)
